model,mode,window_recall,window_false_positive_rate,source_mean_recall,source_mean_false_positive_rate,window_balanced_accuracy,positive_windows,noise_windows,positive_groups,noise_groups,roc_auc,source_recall_ci_low,source_recall_ci_high,source_false_positive_rate_ci_low,source_false_positive_rate_ci_high
Logística streaming,"Balanceado 0,5",0.7592662394773213,0.3314393939393939,0.7342072930090345,0.24598387521762896,0.7139134227689636,23877,528,569,44,0.7660609265160716,0.7103455674576106,0.755899385267868,0.15904436526452118,0.3360352168780804
Logística streaming,Calibração FPR 5%,0.2125895212966453,0.0625,0.20736740017058417,0.025783402203856744,0.5750447606483227,23877,528,569,44,0.7660609265160716,0.18417570111276801,0.22992097046606436,0.0023674242424242425,0.06198347107438016
Logística streaming,Calibração FPR 10%,0.4488838631318842,0.14393939393939395,0.43090742508832275,0.07619803445992122,0.6524722345962451,23877,528,569,44,0.7660609265160716,0.40281619861882045,0.4568145431197816,0.02152412747123643,0.14355098994772175
Árvore compacta,"Balanceado 0,5",0.6081584788708799,0.2878787878787879,0.6018617182879964,0.39085331615993085,0.6601398454960461,23877,528,569,44,0.6396811039785973,0.57229999956628,0.6290892776618952,0.2862689483218866,0.49935981831612936
Árvore compacta,Calibração FPR 5%,0.0,0.0,0.0,0.0,0.5,23877,528,569,44,0.6396811039785973,0.0,0.0,0.0,0.0
Árvore compacta,Calibração FPR 10%,0.0,0.0,0.0,0.0,0.5,23877,528,569,44,0.6396811039785973,0.0,0.0,0.0,0.0
Floresta compacta,"Balanceado 0,5",0.7555806843405788,0.48484848484848486,0.7305081912287084,0.2493505603131271,0.635366099746047,23877,528,569,44,0.7447089153883347,0.7059584542589039,0.7535982651109645,0.1620897646248582,0.3390194442366902
Floresta compacta,Calibração FPR 5%,0.32227666792310594,0.03977272727272727,0.30097957950208726,0.03885046113306983,0.6412519703251893,23877,528,569,44,0.7447089153883347,0.2728497133085677,0.3288232259954166,0.007575757575757575,0.07732336956521738
Floresta compacta,Calibração FPR 10%,0.3742094903044771,0.06439393939393939,0.34874621946631473,0.060691312097961705,0.6549077754552688,23877,528,569,44,0.7447089153883347,0.31843673042180565,0.3782491619495498,0.019024645431295048,0.10961791831357047
Rede neural 16 unidades,"Balanceado 0,5",0.8268207898814759,0.3522727272727273,0.810194937108603,0.21842064464056443,0.7372740313043743,23877,528,569,44,0.8133910486318139,0.7895669985916662,0.8302780407164355,0.1380354761103424,0.30076923076923057
Rede neural 16 unidades,Calibração FPR 5%,0.4888386313188424,0.20265151515151514,0.48261270703242903,0.09246861093452004,0.6430935580836636,23877,528,569,44,0.8133910486318139,0.4498050825254505,0.5157787537687967,0.04734120046620046,0.1413012224517906
Rede neural 16 unidades,Calibração FPR 10%,0.7262637684801273,0.2916666666666667,0.7088916677516686,0.15902290063458976,0.7172985509067303,23877,528,569,44,0.8133910486318139,0.6849217655719346,0.7330934094321626,0.08858587059664932,0.24109694930205416
Escolha por validação interna,"Balanceado 0,5",0.8268207898814759,0.3522727272727273,0.810194937108603,0.21842064464056443,0.7372740313043743,23877,528,569,44,0.8133910486318139,0.7895669985916662,0.8302780407164355,0.1380354761103424,0.30076923076923057
Escolha por validação interna,Calibração FPR 5%,0.4888386313188424,0.20265151515151514,0.48261270703242903,0.09246861093452004,0.6430935580836636,23877,528,569,44,0.8133910486318139,0.4498050825254505,0.5157787537687967,0.04734120046620046,0.1413012224517906
Escolha por validação interna,Calibração FPR 10%,0.7262637684801273,0.2916666666666667,0.7088916677516686,0.15902290063458976,0.7172985509067303,23877,528,569,44,0.8133910486318139,0.6849217655719346,0.7330934094321626,0.08858587059664932,0.24109694930205416
