fold,family,repeat,source_weighted_auc_drop
0,Energia relativa 125–1125 Hz,0,0.11599116462500159
0,Energia relativa 125–1125 Hz,1,0.12350143887832477
0,Energia relativa 125–1125 Hz,2,0.09810572651931793
0,Energia relativa 125–1125 Hz,3,0.10837983969069565
0,Energia relativa 125–1125 Hz,4,0.0939232127700742
0,Energia relativa 1125–4000 Hz,0,0.10943321380296345
0,Energia relativa 1125–4000 Hz,1,0.03624438852918477
0,Energia relativa 1125–4000 Hz,2,0.08918324843540815
0,Energia relativa 1125–4000 Hz,3,0.10980969904914939
0,Energia relativa 1125–4000 Hz,4,0.1118000228812217
0,Variação temporal das bandas,0,0.046049325058120094
0,Variação temporal das bandas,1,0.07785145268280635
0,Variação temporal das bandas,2,0.0760060879852168
0,Variação temporal das bandas,3,0.08423175985292453
0,Variação temporal das bandas,4,0.0942902724836493
0,Flatness espectral,0,0.01299896474006157
0,Flatness espectral,1,0.010923118145967914
0,Flatness espectral,2,0.011914152643260234
0,Flatness espectral,3,0.017114308316641846
0,Flatness espectral,4,0.008240195820141127
0,Pico 219–875 Hz,0,0.038651757734519676
0,Pico 219–875 Hz,1,0.02687744390233726
0,Pico 219–875 Hz,2,0.04634301505868921
0,Pico 219–875 Hz,3,0.04900184255479445
0,Pico 219–875 Hz,4,0.03309872865610941
1,Energia relativa 125–1125 Hz,0,0.05793933194133527
1,Energia relativa 125–1125 Hz,1,0.05767879045686197
1,Energia relativa 125–1125 Hz,2,0.07040804697643477
1,Energia relativa 125–1125 Hz,3,0.05346271492716059
1,Energia relativa 125–1125 Hz,4,0.06640524221012645
1,Energia relativa 1125–4000 Hz,0,0.24530782881707403
1,Energia relativa 1125–4000 Hz,1,0.289562197786846
1,Energia relativa 1125–4000 Hz,2,0.21925703845183342
1,Energia relativa 1125–4000 Hz,3,0.2457871810213359
1,Energia relativa 1125–4000 Hz,4,0.28479089223053333
1,Variação temporal das bandas,0,0.09798622145786529
1,Variação temporal das bandas,1,0.1055023296645956
1,Variação temporal das bandas,2,0.08646899881908832
1,Variação temporal das bandas,3,0.08981049338681601
1,Variação temporal das bandas,4,0.09435172192064678
1,Flatness espectral,0,0.0127268164955886
1,Flatness espectral,1,0.01931665224434942
1,Flatness espectral,2,0.016113850604856483
1,Flatness espectral,3,0.013219432133886988
1,Flatness espectral,4,0.01972245128999861
1,Pico 219–875 Hz,0,0.026076148199343896
1,Pico 219–875 Hz,1,0.010540230043777576
1,Pico 219–875 Hz,2,0.024617832776945292
1,Pico 219–875 Hz,3,0.033143309344512484
1,Pico 219–875 Hz,4,0.02437278754643224
2,Energia relativa 125–1125 Hz,0,0.045511640437477796
2,Energia relativa 125–1125 Hz,1,0.10971940183635531
2,Energia relativa 125–1125 Hz,2,0.09943168299315597
2,Energia relativa 125–1125 Hz,3,0.12389589256388478
2,Energia relativa 125–1125 Hz,4,0.13716641715348254
2,Energia relativa 1125–4000 Hz,0,0.17702543760396006
2,Energia relativa 1125–4000 Hz,1,0.1402137260981865
2,Energia relativa 1125–4000 Hz,2,0.14857334744614925
2,Energia relativa 1125–4000 Hz,3,0.2219937509330252
2,Energia relativa 1125–4000 Hz,4,0.19958901041410926
2,Variação temporal das bandas,0,0.032020385483345515
2,Variação temporal das bandas,1,0.06289676757422102
2,Variação temporal das bandas,2,0.07844525897514554
2,Variação temporal das bandas,3,0.06827626233908857
2,Variação temporal das bandas,4,0.06270059957385155
2,Flatness espectral,0,0.031927053161084795
2,Flatness espectral,1,0.025013915191118397
2,Flatness espectral,2,0.03204328755543928
2,Flatness espectral,3,0.02766631195329805
2,Flatness espectral,4,0.019833236700711354
2,Pico 219–875 Hz,0,0.03805792753044113
2,Pico 219–875 Hz,1,0.05846608765415473
2,Pico 219–875 Hz,2,0.040918082817498425
2,Pico 219–875 Hz,3,0.06922924713126932
2,Pico 219–875 Hz,4,0.05590267529412685
