true_species,Aedes aegypti,Aedes albopictus,Aedes mediovittatus,Aedes sierrensis,Anopheles albimanus,Anopheles arabiensis,Anopheles atroparvus,Anopheles dirus,Anopheles farauti,Anopheles freeborni,Anopheles gambiae,Anopheles merus,Anopheles minimus,Anopheles quadriannulatus,Anopheles quadrimaculatus,Anopheles stephensi,Culex pipiens,Culex quinquefasciatus,Culex tarsalis,Culiseta incidens
Aedes aegypti,632,139,152,3,2,23,0,5,3,0,92,27,16,8,14,14,16,0,53,1
Aedes albopictus,45,225,0,12,5,36,3,2,6,7,16,2,5,3,2,42,0,0,8,1
Aedes mediovittatus,18,0,152,0,0,0,3,0,0,0,0,0,0,1,5,0,0,0,1,0
Aedes sierrensis,0,3,0,149,4,5,0,8,2,6,0,0,2,3,1,0,2,12,4,26
Anopheles albimanus,9,8,6,30,935,100,35,214,86,244,70,3,119,133,13,59,15,24,23,5
Anopheles arabiensis,69,75,0,9,66,153,23,19,11,4,64,164,8,39,13,18,15,12,17,1
Anopheles atroparvus,1,1,0,12,39,8,209,0,0,1,0,2,0,133,2,0,0,2,2,8
Anopheles dirus,51,40,0,13,323,75,29,480,303,187,174,16,331,41,46,205,23,27,28,22
Anopheles farauti,35,43,0,6,131,43,17,224,630,127,112,13,195,64,43,328,19,13,31,13
Anopheles freeborni,14,62,2,25,374,36,57,172,184,845,207,2,243,69,71,165,27,33,15,20
Anopheles gambiae,207,216,3,12,54,149,13,171,85,116,469,92,112,38,31,164,128,24,41,7
Anopheles merus,6,0,0,0,2,22,0,0,1,0,1,265,0,3,0,0,0,0,0,0
Anopheles minimus,61,75,0,56,225,56,4,336,236,205,206,3,650,27,13,201,18,20,40,5
Anopheles quadriannulatus,7,7,0,12,60,14,95,0,0,11,1,3,0,192,5,1,0,1,4,7
Anopheles quadrimaculatus,4,0,0,9,3,0,6,19,3,10,0,0,3,0,276,0,1,14,7,5
Anopheles stephensi,77,98,3,10,128,44,5,243,514,207,258,17,201,21,33,732,21,26,33,6
Culex pipiens,2,3,0,1,2,2,0,2,0,3,23,0,2,0,0,1,316,89,3,4
Culex quinquefasciatus,1,0,0,30,7,3,1,1,1,7,7,0,1,0,0,4,110,435,6,22
Culex tarsalis,22,3,0,11,3,7,1,0,1,0,5,0,0,8,7,1,8,15,460,33
Culiseta incidens,0,0,0,49,11,0,5,4,4,9,3,0,1,1,1,6,4,51,30,1216
