species,windows,groups,recall,precision
Aedes aegypti,1200,20,0.5266666666666666,0.5011895321173672
Aedes albopictus,420,7,0.5357142857142857,0.22545090180360722
Aedes mediovittatus,180,3,0.8444444444444444,0.4779874213836478
Aedes sierrensis,227,60,0.6563876651982379,0.33184855233853006
Anopheles albimanus,2131,40,0.4387611450023463,0.3938500421229992
Anopheles arabiensis,780,13,0.19615384615384615,0.19716494845360824
Anopheles atroparvus,420,7,0.4976190476190476,0.41304347826086957
Anopheles dirus,2414,55,0.1988400994200497,0.25263157894736843
Anopheles farauti,2087,46,0.3018687110685194,0.30434782608695654
Anopheles freeborni,2623,54,0.32215020968356844,0.42483660130718953
Anopheles gambiae,2132,76,0.2199812382739212,0.27459016393442626
Anopheles merus,300,5,0.8833333333333333,0.4351395730706076
Anopheles minimus,2437,50,0.2667213787443578,0.3440974060349391
Anopheles quadriannulatus,420,7,0.45714285714285713,0.24489795918367346
Anopheles quadrimaculatus,360,6,0.7666666666666667,0.4791666666666667
Anopheles stephensi,2677,58,0.27344041837878225,0.37712519319938176
Culex pipiens,453,8,0.6975717439293598,0.43706777316735823
Culex quinquefasciatus,636,12,0.6839622641509434,0.5451127819548872
Culex tarsalis,585,12,0.7863247863247863,0.5707196029776674
Culiseta incidens,1395,30,0.8716845878136201,0.8673323823109843
