scope,species,positive_endpoints,true_groups,emitted_as_species,correct_identifications,emitted_species_precision,correctly_identified_fraction
Dobra exportada: uma janela,Aedes aegypti,360,6,54,45,0.8333333333333334,0.125
Dobra exportada: uma janela,Aedes albopictus,180,3,21,15,0.7142857142857143,0.08333333333333333
Dobra exportada: uma janela,Aedes mediovittatus,60,1,15,9,0.6,0.15
Dobra exportada: uma janela,Aedes sierrensis,76,20,56,17,0.30357142857142855,0.2236842105263158
Dobra exportada: uma janela,Anopheles albimanus,738,14,22,6,0.2727272727272727,0.008130081300813009
Dobra exportada: uma janela,Anopheles arabiensis,240,4,13,7,0.5384615384615384,0.029166666666666667
Dobra exportada: uma janela,Anopheles atroparvus,120,2,28,22,0.7857142857142857,0.18333333333333332
Dobra exportada: uma janela,Anopheles dirus,776,19,0,0,,0.0
Dobra exportada: uma janela,Anopheles farauti,725,15,5,4,0.8,0.005517241379310344
Dobra exportada: uma janela,Anopheles freeborni,840,18,8,6,0.75,0.007142857142857143
Dobra exportada: uma janela,Anopheles gambiae,532,25,1,1,1.0,0.0018796992481203006
Dobra exportada: uma janela,Anopheles merus,120,2,71,54,0.7605633802816901,0.45
Dobra exportada: uma janela,Anopheles minimus,901,17,1,0,0.0,0.0
Dobra exportada: uma janela,Anopheles quadriannulatus,120,2,8,6,0.75,0.05
Dobra exportada: uma janela,Anopheles quadrimaculatus,120,2,63,61,0.9682539682539683,0.5083333333333333
Dobra exportada: uma janela,Anopheles stephensi,901,19,9,5,0.5555555555555556,0.005549389567147614
Dobra exportada: uma janela,Culex pipiens,164,3,10,9,0.9,0.054878048780487805
Dobra exportada: uma janela,Culex quinquefasciatus,195,4,3,2,0.6666666666666666,0.010256410256410256
Dobra exportada: uma janela,Culex tarsalis,217,4,54,50,0.9259259259259259,0.2304147465437788
Dobra exportada: uma janela,Culiseta incidens,460,10,143,131,0.916083916083916,0.2847826086956522
Dobra exportada: 2/3 contíguo,Aedes aegypti,348,6,22,21,0.9545454545454546,0.0603448275862069
Dobra exportada: 2/3 contíguo,Aedes albopictus,116,2,5,5,1.0,0.04310344827586207
Dobra exportada: 2/3 contíguo,Aedes mediovittatus,58,1,4,4,1.0,0.06896551724137931
Dobra exportada: 2/3 contíguo,Aedes sierrensis,43,10,26,7,0.2692307692307692,0.16279069767441862
Dobra exportada: 2/3 contíguo,Anopheles albimanus,587,14,4,1,0.25,0.0017035775127768314
Dobra exportada: 2/3 contíguo,Anopheles arabiensis,116,2,0,0,,0.0
Dobra exportada: 2/3 contíguo,Anopheles atroparvus,58,1,14,13,0.9285714285714286,0.22413793103448276
Dobra exportada: 2/3 contíguo,Anopheles dirus,667,18,0,0,,0.0
Dobra exportada: 2/3 contíguo,Anopheles farauti,674,15,0,0,,0.0
Dobra exportada: 2/3 contíguo,Anopheles freeborni,689,17,2,2,1.0,0.002902757619738752
Dobra exportada: 2/3 contíguo,Anopheles gambiae,424,24,0,0,,0.0
Dobra exportada: 2/3 contíguo,Anopheles merus,116,2,38,36,0.9473684210526315,0.3103448275862069
Dobra exportada: 2/3 contíguo,Anopheles minimus,474,14,0,0,,0.0
Dobra exportada: 2/3 contíguo,Anopheles quadriannulatus,58,1,1,1,1.0,0.017241379310344827
Dobra exportada: 2/3 contíguo,Anopheles quadrimaculatus,116,2,51,51,1.0,0.4396551724137931
Dobra exportada: 2/3 contíguo,Anopheles stephensi,737,18,0,0,,0.0
Dobra exportada: 2/3 contíguo,Culex pipiens,144,3,1,1,1.0,0.006944444444444444
Dobra exportada: 2/3 contíguo,Culex quinquefasciatus,144,4,0,0,,0.0
Dobra exportada: 2/3 contíguo,Culex tarsalis,180,4,27,27,1.0,0.15
Dobra exportada: 2/3 contíguo,Culiseta incidens,234,7,36,34,0.9444444444444444,0.1452991452991453
