phone,n_classes,n_windows,n_groups,accuracy,balanced_accuracy,macro_f1,recording_macro_recall
Huawei866C,7,1688,53,0.15165876777251186,0.1707239751150493,0.13661348606666182,0.22718253968253968
Nexus,12,2804,70,0.24964336661911554,0.2014580493374527,0.20975453411308917,0.19867424242424245
Nokia5235,7,2067,40,0.27527818093855827,0.2991652428771289,0.2520921986947145,0.475
Nokia6555B,7,1829,33,0.2547840349917988,0.2781750382671547,0.24483566988088623,0.419047619047619
T209,13,5293,91,0.14585301341394294,0.17461601102197857,0.1165448897733344,0.2054945054945055
Xperia,15,3068,59,0.25749674054758803,0.24333596368355648,0.2130990261908395,0.3153535353535354
iPhone,2,568,11,0.9524647887323944,0.953407960199005,0.9523997231387131,1.0
iPhone4S,9,2844,75,0.24472573839662448,0.2161283481948193,0.17885270497374114,0.2780864197530864
iPhone6,8,1864,45,0.36641630901287553,0.35527248358340513,0.3303637764306405,0.49583333333333335
