window_index,presence_score,detected,candidate_species,confidence,free_energy,confirmed_species,status,probabilities,start_s,end_s
0,0.28908130526542664,False,,0.0,0.0,,AUSENTE (RUÍDO),"[0.0, 0.0, 0.0, 0.0, 0.0, 0.0, 0.0, 0.0, 0.0, 0.0, 0.0, 0.0, 0.0, 0.0, 0.0, 0.0, 0.0, 0.0, 0.0, 0.0]",0.0,0.992
1,0.1589219868183136,False,,0.0,0.0,,AUSENTE (RUÍDO),"[0.0, 0.0, 0.0, 0.0, 0.0, 0.0, 0.0, 0.0, 0.0, 0.0, 0.0, 0.0, 0.0, 0.0, 0.0, 0.0, 0.0, 0.0, 0.0, 0.0]",0.5,1.492
2,0.23891019821166992,False,,0.0,0.0,,AUSENTE (RUÍDO),"[0.0, 0.0, 0.0, 0.0, 0.0, 0.0, 0.0, 0.0, 0.0, 0.0, 0.0, 0.0, 0.0, 0.0, 0.0, 0.0, 0.0, 0.0, 0.0, 0.0]",1.0,1.992
3,0.3680201470851898,False,,0.0,0.0,,AUSENTE (RUÍDO),"[0.0, 0.0, 0.0, 0.0, 0.0, 0.0, 0.0, 0.0, 0.0, 0.0, 0.0, 0.0, 0.0, 0.0, 0.0, 0.0, 0.0, 0.0, 0.0, 0.0]",1.5,2.492
4,0.04149625450372696,False,,0.0,0.0,,AUSENTE (RUÍDO),"[0.0, 0.0, 0.0, 0.0, 0.0, 0.0, 0.0, 0.0, 0.0, 0.0, 0.0, 0.0, 0.0, 0.0, 0.0, 0.0, 0.0, 0.0, 0.0, 0.0]",2.0,2.992
5,0.13637205958366394,False,,0.0,0.0,,AUSENTE (RUÍDO),"[0.0, 0.0, 0.0, 0.0, 0.0, 0.0, 0.0, 0.0, 0.0, 0.0, 0.0, 0.0, 0.0, 0.0, 0.0, 0.0, 0.0, 0.0, 0.0, 0.0]",2.5,3.492
6,0.4711492955684662,False,,0.0,0.0,,AUSENTE (RUÍDO),"[0.0, 0.0, 0.0, 0.0, 0.0, 0.0, 0.0, 0.0, 0.0, 0.0, 0.0, 0.0, 0.0, 0.0, 0.0, 0.0, 0.0, 0.0, 0.0, 0.0]",3.0,3.992
7,0.54319167137146,False,,0.0,0.0,,AUSENTE (RUÍDO),"[0.0, 0.0, 0.0, 0.0, 0.0, 0.0, 0.0, 0.0, 0.0, 0.0, 0.0, 0.0, 0.0, 0.0, 0.0, 0.0, 0.0, 0.0, 0.0, 0.0]",3.5,4.492
8,0.33639606833457947,False,,0.0,0.0,,AUSENTE (RUÍDO),"[0.0, 0.0, 0.0, 0.0, 0.0, 0.0, 0.0, 0.0, 0.0, 0.0, 0.0, 0.0, 0.0, 0.0, 0.0, 0.0, 0.0, 0.0, 0.0, 0.0]",4.0,4.992
9,0.4844511151313782,False,,0.0,0.0,,AUSENTE (RUÍDO),"[0.0, 0.0, 0.0, 0.0, 0.0, 0.0, 0.0, 0.0, 0.0, 0.0, 0.0, 0.0, 0.0, 0.0, 0.0, 0.0, 0.0, 0.0, 0.0, 0.0]",4.5,5.492
10,0.49609482288360596,False,,0.0,0.0,,AUSENTE (RUÍDO),"[0.0, 0.0, 0.0, 0.0, 0.0, 0.0, 0.0, 0.0, 0.0, 0.0, 0.0, 0.0, 0.0, 0.0, 0.0, 0.0, 0.0, 0.0, 0.0, 0.0]",5.0,5.992
11,0.7121337056159973,True,Aedes sierrensis,0.2394213080406189,-7.9699918723454175,,INCERTO (FORA DA DISTRIBUIÇÃO / RUÍDO),"[0.005404749885201454, 0.0005308162653818727, 5.180172229302116e-05, 0.2394213080406189, 0.05238953232765198, 0.020781027153134346, 0.0007980142254382372, 0.046444594860076904, 0.12038926035165787, 0.12868499755859375, 0.03404732048511505, 0.0005355951725505292, 0.09969141334295273, 0.000903323118109256, 0.0005706776864826679, 0.034115057438611984, 0.0812269076704979, 0.09523759037256241, 0.0252547524869442, 0.013521293178200722]",5.5,6.492
12,0.5128813982009888,False,,0.0,0.0,,AUSENTE (RUÍDO),"[0.0, 0.0, 0.0, 0.0, 0.0, 0.0, 0.0, 0.0, 0.0, 0.0, 0.0, 0.0, 0.0, 0.0, 0.0, 0.0, 0.0, 0.0, 0.0, 0.0]",6.0,6.992
13,0.652773916721344,False,,0.0,0.0,,AUSENTE (RUÍDO),"[0.0, 0.0, 0.0, 0.0, 0.0, 0.0, 0.0, 0.0, 0.0, 0.0, 0.0, 0.0, 0.0, 0.0, 0.0, 0.0, 0.0, 0.0, 0.0, 0.0]",6.5,7.492
14,0.26235437393188477,False,,0.0,0.0,,AUSENTE (RUÍDO),"[0.0, 0.0, 0.0, 0.0, 0.0, 0.0, 0.0, 0.0, 0.0, 0.0, 0.0, 0.0, 0.0, 0.0, 0.0, 0.0, 0.0, 0.0, 0.0, 0.0]",7.0,7.992
15,0.44820258021354675,False,,0.0,0.0,,AUSENTE (RUÍDO),"[0.0, 0.0, 0.0, 0.0, 0.0, 0.0, 0.0, 0.0, 0.0, 0.0, 0.0, 0.0, 0.0, 0.0, 0.0, 0.0, 0.0, 0.0, 0.0, 0.0]",7.5,8.492
16,0.6976292729377747,True,Aedes sierrensis,0.3183134198188782,-8.498673910118669,,INCERTO (FORA DA DISTRIBUIÇÃO / RUÍDO),"[0.004857934545725584, 0.00025646225549280643, 4.5512832002714276e-05, 0.3183134198188782, 0.03028777427971363, 0.01118355244398117, 0.0005851516616530716, 0.02579217404127121, 0.07612469047307968, 0.10057760775089264, 0.030372099950909615, 0.00033448092290200293, 0.10640694946050644, 0.0007889667176641524, 0.0009504785994067788, 0.02842327393591404, 0.07982896268367767, 0.16152381896972656, 0.014175055548548698, 0.009171645157039165]",8.0,8.992
17,0.40981271862983704,False,,0.0,0.0,,AUSENTE (RUÍDO),"[0.0, 0.0, 0.0, 0.0, 0.0, 0.0, 0.0, 0.0, 0.0, 0.0, 0.0, 0.0, 0.0, 0.0, 0.0, 0.0, 0.0, 0.0, 0.0, 0.0]",8.5,9.492
18,0.36393094062805176,False,,0.0,0.0,,AUSENTE (RUÍDO),"[0.0, 0.0, 0.0, 0.0, 0.0, 0.0, 0.0, 0.0, 0.0, 0.0, 0.0, 0.0, 0.0, 0.0, 0.0, 0.0, 0.0, 0.0, 0.0, 0.0]",9.0,9.992
19,0.27808353304862976,False,,0.0,0.0,,AUSENTE (RUÍDO),"[0.0, 0.0, 0.0, 0.0, 0.0, 0.0, 0.0, 0.0, 0.0, 0.0, 0.0, 0.0, 0.0, 0.0, 0.0, 0.0, 0.0, 0.0, 0.0, 0.0]",9.5,10.492
20,0.16872194409370422,False,,0.0,0.0,,AUSENTE (RUÍDO),"[0.0, 0.0, 0.0, 0.0, 0.0, 0.0, 0.0, 0.0, 0.0, 0.0, 0.0, 0.0, 0.0, 0.0, 0.0, 0.0, 0.0, 0.0, 0.0, 0.0]",10.0,10.992
21,0.6370692849159241,False,,0.0,0.0,,AUSENTE (RUÍDO),"[0.0, 0.0, 0.0, 0.0, 0.0, 0.0, 0.0, 0.0, 0.0, 0.0, 0.0, 0.0, 0.0, 0.0, 0.0, 0.0, 0.0, 0.0, 0.0, 0.0]",10.5,11.492
22,0.43516021966934204,False,,0.0,0.0,,AUSENTE (RUÍDO),"[0.0, 0.0, 0.0, 0.0, 0.0, 0.0, 0.0, 0.0, 0.0, 0.0, 0.0, 0.0, 0.0, 0.0, 0.0, 0.0, 0.0, 0.0, 0.0, 0.0]",11.0,11.992
23,0.485338032245636,False,,0.0,0.0,,AUSENTE (RUÍDO),"[0.0, 0.0, 0.0, 0.0, 0.0, 0.0, 0.0, 0.0, 0.0, 0.0, 0.0, 0.0, 0.0, 0.0, 0.0, 0.0, 0.0, 0.0, 0.0, 0.0]",11.5,12.492
24,0.29188215732574463,False,,0.0,0.0,,AUSENTE (RUÍDO),"[0.0, 0.0, 0.0, 0.0, 0.0, 0.0, 0.0, 0.0, 0.0, 0.0, 0.0, 0.0, 0.0, 0.0, 0.0, 0.0, 0.0, 0.0, 0.0, 0.0]",12.0,12.992
25,0.4669533669948578,False,,0.0,0.0,,AUSENTE (RUÍDO),"[0.0, 0.0, 0.0, 0.0, 0.0, 0.0, 0.0, 0.0, 0.0, 0.0, 0.0, 0.0, 0.0, 0.0, 0.0, 0.0, 0.0, 0.0, 0.0, 0.0]",12.5,13.492
26,0.7789443731307983,True,Aedes sierrensis,0.30701568722724915,-8.709015208052733,,INCERTO (FORA DA DISTRIBUIÇÃO / RUÍDO),"[0.003223787061870098, 0.0005597482086159289, 6.665771070402116e-05, 0.30701568722724915, 0.03366607427597046, 0.011661666445434093, 0.0005081825656816363, 0.04500555619597435, 0.19350773096084595, 0.11929157376289368, 0.03714083135128021, 0.00033169108792208135, 0.09847155958414078, 0.0007725305622443557, 0.0005278319003991783, 0.057627201080322266, 0.0259211715310812, 0.049622952938079834, 0.007154842372983694, 0.007922697812318802]",13.0,13.992
27,0.549560010433197,False,,0.0,0.0,,AUSENTE (RUÍDO),"[0.0, 0.0, 0.0, 0.0, 0.0, 0.0, 0.0, 0.0, 0.0, 0.0, 0.0, 0.0, 0.0, 0.0, 0.0, 0.0, 0.0, 0.0, 0.0, 0.0]",13.5,14.492
28,0.4256126880645752,False,,0.0,0.0,,AUSENTE (RUÍDO),"[0.0, 0.0, 0.0, 0.0, 0.0, 0.0, 0.0, 0.0, 0.0, 0.0, 0.0, 0.0, 0.0, 0.0, 0.0, 0.0, 0.0, 0.0, 0.0, 0.0]",14.0,14.992
29,0.6090666651725769,False,,0.0,0.0,,AUSENTE (RUÍDO),"[0.0, 0.0, 0.0, 0.0, 0.0, 0.0, 0.0, 0.0, 0.0, 0.0, 0.0, 0.0, 0.0, 0.0, 0.0, 0.0, 0.0, 0.0, 0.0, 0.0]",14.5,15.492
30,0.16811686754226685,False,,0.0,0.0,,AUSENTE (RUÍDO),"[0.0, 0.0, 0.0, 0.0, 0.0, 0.0, 0.0, 0.0, 0.0, 0.0, 0.0, 0.0, 0.0, 0.0, 0.0, 0.0, 0.0, 0.0, 0.0, 0.0]",15.0,15.992
31,0.07079458981752396,False,,0.0,0.0,,AUSENTE (RUÍDO),"[0.0, 0.0, 0.0, 0.0, 0.0, 0.0, 0.0, 0.0, 0.0, 0.0, 0.0, 0.0, 0.0, 0.0, 0.0, 0.0, 0.0, 0.0, 0.0, 0.0]",15.5,16.492
32,0.09838585555553436,False,,0.0,0.0,,AUSENTE (RUÍDO),"[0.0, 0.0, 0.0, 0.0, 0.0, 0.0, 0.0, 0.0, 0.0, 0.0, 0.0, 0.0, 0.0, 0.0, 0.0, 0.0, 0.0, 0.0, 0.0, 0.0]",16.0,16.992
33,0.12457858771085739,False,,0.0,0.0,,AUSENTE (RUÍDO),"[0.0, 0.0, 0.0, 0.0, 0.0, 0.0, 0.0, 0.0, 0.0, 0.0, 0.0, 0.0, 0.0, 0.0, 0.0, 0.0, 0.0, 0.0, 0.0, 0.0]",16.5,17.492
34,0.20840677618980408,False,,0.0,0.0,,AUSENTE (RUÍDO),"[0.0, 0.0, 0.0, 0.0, 0.0, 0.0, 0.0, 0.0, 0.0, 0.0, 0.0, 0.0, 0.0, 0.0, 0.0, 0.0, 0.0, 0.0, 0.0, 0.0]",17.0,17.992
35,0.2389807552099228,False,,0.0,0.0,,AUSENTE (RUÍDO),"[0.0, 0.0, 0.0, 0.0, 0.0, 0.0, 0.0, 0.0, 0.0, 0.0, 0.0, 0.0, 0.0, 0.0, 0.0, 0.0, 0.0, 0.0, 0.0, 0.0]",17.5,18.492
36,0.18213678896427155,False,,0.0,0.0,,AUSENTE (RUÍDO),"[0.0, 0.0, 0.0, 0.0, 0.0, 0.0, 0.0, 0.0, 0.0, 0.0, 0.0, 0.0, 0.0, 0.0, 0.0, 0.0, 0.0, 0.0, 0.0, 0.0]",18.0,18.992
37,0.06464841216802597,False,,0.0,0.0,,AUSENTE (RUÍDO),"[0.0, 0.0, 0.0, 0.0, 0.0, 0.0, 0.0, 0.0, 0.0, 0.0, 0.0, 0.0, 0.0, 0.0, 0.0, 0.0, 0.0, 0.0, 0.0, 0.0]",18.5,19.492
38,0.19536465406417847,False,,0.0,0.0,,AUSENTE (RUÍDO),"[0.0, 0.0, 0.0, 0.0, 0.0, 0.0, 0.0, 0.0, 0.0, 0.0, 0.0, 0.0, 0.0, 0.0, 0.0, 0.0, 0.0, 0.0, 0.0, 0.0]",19.0,19.992
39,0.24721650779247284,False,,0.0,0.0,,AUSENTE (RUÍDO),"[0.0, 0.0, 0.0, 0.0, 0.0, 0.0, 0.0, 0.0, 0.0, 0.0, 0.0, 0.0, 0.0, 0.0, 0.0, 0.0, 0.0, 0.0, 0.0, 0.0]",19.5,20.492
40,0.2683115005493164,False,,0.0,0.0,,AUSENTE (RUÍDO),"[0.0, 0.0, 0.0, 0.0, 0.0, 0.0, 0.0, 0.0, 0.0, 0.0, 0.0, 0.0, 0.0, 0.0, 0.0, 0.0, 0.0, 0.0, 0.0, 0.0]",20.0,20.992
41,0.1810251921415329,False,,0.0,0.0,,AUSENTE (RUÍDO),"[0.0, 0.0, 0.0, 0.0, 0.0, 0.0, 0.0, 0.0, 0.0, 0.0, 0.0, 0.0, 0.0, 0.0, 0.0, 0.0, 0.0, 0.0, 0.0, 0.0]",20.5,21.492
42,0.2183638960123062,False,,0.0,0.0,,AUSENTE (RUÍDO),"[0.0, 0.0, 0.0, 0.0, 0.0, 0.0, 0.0, 0.0, 0.0, 0.0, 0.0, 0.0, 0.0, 0.0, 0.0, 0.0, 0.0, 0.0, 0.0, 0.0]",21.0,21.992
43,0.06450514495372772,False,,0.0,0.0,,AUSENTE (RUÍDO),"[0.0, 0.0, 0.0, 0.0, 0.0, 0.0, 0.0, 0.0, 0.0, 0.0, 0.0, 0.0, 0.0, 0.0, 0.0, 0.0, 0.0, 0.0, 0.0, 0.0]",21.5,22.492
44,0.16180428862571716,False,,0.0,0.0,,AUSENTE (RUÍDO),"[0.0, 0.0, 0.0, 0.0, 0.0, 0.0, 0.0, 0.0, 0.0, 0.0, 0.0, 0.0, 0.0, 0.0, 0.0, 0.0, 0.0, 0.0, 0.0, 0.0]",22.0,22.992
45,0.1157115027308464,False,,0.0,0.0,,AUSENTE (RUÍDO),"[0.0, 0.0, 0.0, 0.0, 0.0, 0.0, 0.0, 0.0, 0.0, 0.0, 0.0, 0.0, 0.0, 0.0, 0.0, 0.0, 0.0, 0.0, 0.0, 0.0]",22.5,23.492
46,0.289018839597702,False,,0.0,0.0,,AUSENTE (RUÍDO),"[0.0, 0.0, 0.0, 0.0, 0.0, 0.0, 0.0, 0.0, 0.0, 0.0, 0.0, 0.0, 0.0, 0.0, 0.0, 0.0, 0.0, 0.0, 0.0, 0.0]",23.0,23.992
47,0.4149204194545746,False,,0.0,0.0,,AUSENTE (RUÍDO),"[0.0, 0.0, 0.0, 0.0, 0.0, 0.0, 0.0, 0.0, 0.0, 0.0, 0.0, 0.0, 0.0, 0.0, 0.0, 0.0, 0.0, 0.0, 0.0, 0.0]",23.5,24.492
48,0.1065206527709961,False,,0.0,0.0,,AUSENTE (RUÍDO),"[0.0, 0.0, 0.0, 0.0, 0.0, 0.0, 0.0, 0.0, 0.0, 0.0, 0.0, 0.0, 0.0, 0.0, 0.0, 0.0, 0.0, 0.0, 0.0, 0.0]",24.0,24.992
49,0.19796864688396454,False,,0.0,0.0,,AUSENTE (RUÍDO),"[0.0, 0.0, 0.0, 0.0, 0.0, 0.0, 0.0, 0.0, 0.0, 0.0, 0.0, 0.0, 0.0, 0.0, 0.0, 0.0, 0.0, 0.0, 0.0, 0.0]",24.5,25.492
50,0.1888635903596878,False,,0.0,0.0,,AUSENTE (RUÍDO),"[0.0, 0.0, 0.0, 0.0, 0.0, 0.0, 0.0, 0.0, 0.0, 0.0, 0.0, 0.0, 0.0, 0.0, 0.0, 0.0, 0.0, 0.0, 0.0, 0.0]",25.0,25.992
51,0.3323250412940979,False,,0.0,0.0,,AUSENTE (RUÍDO),"[0.0, 0.0, 0.0, 0.0, 0.0, 0.0, 0.0, 0.0, 0.0, 0.0, 0.0, 0.0, 0.0, 0.0, 0.0, 0.0, 0.0, 0.0, 0.0, 0.0]",25.5,26.492
52,0.18289165198802948,False,,0.0,0.0,,AUSENTE (RUÍDO),"[0.0, 0.0, 0.0, 0.0, 0.0, 0.0, 0.0, 0.0, 0.0, 0.0, 0.0, 0.0, 0.0, 0.0, 0.0, 0.0, 0.0, 0.0, 0.0, 0.0]",26.0,26.992
53,0.22095105051994324,False,,0.0,0.0,,AUSENTE (RUÍDO),"[0.0, 0.0, 0.0, 0.0, 0.0, 0.0, 0.0, 0.0, 0.0, 0.0, 0.0, 0.0, 0.0, 0.0, 0.0, 0.0, 0.0, 0.0, 0.0, 0.0]",26.5,27.492
54,0.16737830638885498,False,,0.0,0.0,,AUSENTE (RUÍDO),"[0.0, 0.0, 0.0, 0.0, 0.0, 0.0, 0.0, 0.0, 0.0, 0.0, 0.0, 0.0, 0.0, 0.0, 0.0, 0.0, 0.0, 0.0, 0.0, 0.0]",27.0,27.992
55,0.6228700876235962,False,,0.0,0.0,,AUSENTE (RUÍDO),"[0.0, 0.0, 0.0, 0.0, 0.0, 0.0, 0.0, 0.0, 0.0, 0.0, 0.0, 0.0, 0.0, 0.0, 0.0, 0.0, 0.0, 0.0, 0.0, 0.0]",27.5,28.492
56,0.23432447016239166,False,,0.0,0.0,,AUSENTE (RUÍDO),"[0.0, 0.0, 0.0, 0.0, 0.0, 0.0, 0.0, 0.0, 0.0, 0.0, 0.0, 0.0, 0.0, 0.0, 0.0, 0.0, 0.0, 0.0, 0.0, 0.0]",28.0,28.992
57,0.35969409346580505,False,,0.0,0.0,,AUSENTE (RUÍDO),"[0.0, 0.0, 0.0, 0.0, 0.0, 0.0, 0.0, 0.0, 0.0, 0.0, 0.0, 0.0, 0.0, 0.0, 0.0, 0.0, 0.0, 0.0, 0.0, 0.0]",28.5,29.492
58,0.46919548511505127,False,,0.0,0.0,,AUSENTE (RUÍDO),"[0.0, 0.0, 0.0, 0.0, 0.0, 0.0, 0.0, 0.0, 0.0, 0.0, 0.0, 0.0, 0.0, 0.0, 0.0, 0.0, 0.0, 0.0, 0.0, 0.0]",29.0,29.992
59,0.10659310966730118,False,,0.0,0.0,,AUSENTE (RUÍDO),"[0.0, 0.0, 0.0, 0.0, 0.0, 0.0, 0.0, 0.0, 0.0, 0.0, 0.0, 0.0, 0.0, 0.0, 0.0, 0.0, 0.0, 0.0, 0.0, 0.0]",29.5,30.492
60,0.10988036543130875,False,,0.0,0.0,,AUSENTE (RUÍDO),"[0.0, 0.0, 0.0, 0.0, 0.0, 0.0, 0.0, 0.0, 0.0, 0.0, 0.0, 0.0, 0.0, 0.0, 0.0, 0.0, 0.0, 0.0, 0.0, 0.0]",30.0,30.992
61,0.1525254100561142,False,,0.0,0.0,,AUSENTE (RUÍDO),"[0.0, 0.0, 0.0, 0.0, 0.0, 0.0, 0.0, 0.0, 0.0, 0.0, 0.0, 0.0, 0.0, 0.0, 0.0, 0.0, 0.0, 0.0, 0.0, 0.0]",30.5,31.492
62,0.1756567507982254,False,,0.0,0.0,,AUSENTE (RUÍDO),"[0.0, 0.0, 0.0, 0.0, 0.0, 0.0, 0.0, 0.0, 0.0, 0.0, 0.0, 0.0, 0.0, 0.0, 0.0, 0.0, 0.0, 0.0, 0.0, 0.0]",31.0,31.992
63,0.2260577231645584,False,,0.0,0.0,,AUSENTE (RUÍDO),"[0.0, 0.0, 0.0, 0.0, 0.0, 0.0, 0.0, 0.0, 0.0, 0.0, 0.0, 0.0, 0.0, 0.0, 0.0, 0.0, 0.0, 0.0, 0.0, 0.0]",31.5,32.492
64,0.2876918315887451,False,,0.0,0.0,,AUSENTE (RUÍDO),"[0.0, 0.0, 0.0, 0.0, 0.0, 0.0, 0.0, 0.0, 0.0, 0.0, 0.0, 0.0, 0.0, 0.0, 0.0, 0.0, 0.0, 0.0, 0.0, 0.0]",32.0,32.992
65,0.08378724753856659,False,,0.0,0.0,,AUSENTE (RUÍDO),"[0.0, 0.0, 0.0, 0.0, 0.0, 0.0, 0.0, 0.0, 0.0, 0.0, 0.0, 0.0, 0.0, 0.0, 0.0, 0.0, 0.0, 0.0, 0.0, 0.0]",32.5,33.492
66,0.16084200143814087,False,,0.0,0.0,,AUSENTE (RUÍDO),"[0.0, 0.0, 0.0, 0.0, 0.0, 0.0, 0.0, 0.0, 0.0, 0.0, 0.0, 0.0, 0.0, 0.0, 0.0, 0.0, 0.0, 0.0, 0.0, 0.0]",33.0,33.992
67,0.12379266321659088,False,,0.0,0.0,,AUSENTE (RUÍDO),"[0.0, 0.0, 0.0, 0.0, 0.0, 0.0, 0.0, 0.0, 0.0, 0.0, 0.0, 0.0, 0.0, 0.0, 0.0, 0.0, 0.0, 0.0, 0.0, 0.0]",33.5,34.492
68,0.15600892901420593,False,,0.0,0.0,,AUSENTE (RUÍDO),"[0.0, 0.0, 0.0, 0.0, 0.0, 0.0, 0.0, 0.0, 0.0, 0.0, 0.0, 0.0, 0.0, 0.0, 0.0, 0.0, 0.0, 0.0, 0.0, 0.0]",34.0,34.992
69,0.17429769039154053,False,,0.0,0.0,,AUSENTE (RUÍDO),"[0.0, 0.0, 0.0, 0.0, 0.0, 0.0, 0.0, 0.0, 0.0, 0.0, 0.0, 0.0, 0.0, 0.0, 0.0, 0.0, 0.0, 0.0, 0.0, 0.0]",34.5,35.492
70,0.29377737641334534,False,,0.0,0.0,,AUSENTE (RUÍDO),"[0.0, 0.0, 0.0, 0.0, 0.0, 0.0, 0.0, 0.0, 0.0, 0.0, 0.0, 0.0, 0.0, 0.0, 0.0, 0.0, 0.0, 0.0, 0.0, 0.0]",35.0,35.992
71,0.054873622953891754,False,,0.0,0.0,,AUSENTE (RUÍDO),"[0.0, 0.0, 0.0, 0.0, 0.0, 0.0, 0.0, 0.0, 0.0, 0.0, 0.0, 0.0, 0.0, 0.0, 0.0, 0.0, 0.0, 0.0, 0.0, 0.0]",35.5,36.492
72,0.3257654905319214,False,,0.0,0.0,,AUSENTE (RUÍDO),"[0.0, 0.0, 0.0, 0.0, 0.0, 0.0, 0.0, 0.0, 0.0, 0.0, 0.0, 0.0, 0.0, 0.0, 0.0, 0.0, 0.0, 0.0, 0.0, 0.0]",36.0,36.992
73,0.5704926252365112,False,,0.0,0.0,,AUSENTE (RUÍDO),"[0.0, 0.0, 0.0, 0.0, 0.0, 0.0, 0.0, 0.0, 0.0, 0.0, 0.0, 0.0, 0.0, 0.0, 0.0, 0.0, 0.0, 0.0, 0.0, 0.0]",36.5,37.492
74,0.5702647566795349,False,,0.0,0.0,,AUSENTE (RUÍDO),"[0.0, 0.0, 0.0, 0.0, 0.0, 0.0, 0.0, 0.0, 0.0, 0.0, 0.0, 0.0, 0.0, 0.0, 0.0, 0.0, 0.0, 0.0, 0.0, 0.0]",37.0,37.992
75,0.36059585213661194,False,,0.0,0.0,,AUSENTE (RUÍDO),"[0.0, 0.0, 0.0, 0.0, 0.0, 0.0, 0.0, 0.0, 0.0, 0.0, 0.0, 0.0, 0.0, 0.0, 0.0, 0.0, 0.0, 0.0, 0.0, 0.0]",37.5,38.492
76,0.379562109708786,False,,0.0,0.0,,AUSENTE (RUÍDO),"[0.0, 0.0, 0.0, 0.0, 0.0, 0.0, 0.0, 0.0, 0.0, 0.0, 0.0, 0.0, 0.0, 0.0, 0.0, 0.0, 0.0, 0.0, 0.0, 0.0]",38.0,38.992
77,0.2829740643501282,False,,0.0,0.0,,AUSENTE (RUÍDO),"[0.0, 0.0, 0.0, 0.0, 0.0, 0.0, 0.0, 0.0, 0.0, 0.0, 0.0, 0.0, 0.0, 0.0, 0.0, 0.0, 0.0, 0.0, 0.0, 0.0]",38.5,39.492
78,0.2134125977754593,False,,0.0,0.0,,AUSENTE (RUÍDO),"[0.0, 0.0, 0.0, 0.0, 0.0, 0.0, 0.0, 0.0, 0.0, 0.0, 0.0, 0.0, 0.0, 0.0, 0.0, 0.0, 0.0, 0.0, 0.0, 0.0]",39.0,39.992
79,0.1362697333097458,False,,0.0,0.0,,AUSENTE (RUÍDO),"[0.0, 0.0, 0.0, 0.0, 0.0, 0.0, 0.0, 0.0, 0.0, 0.0, 0.0, 0.0, 0.0, 0.0, 0.0, 0.0, 0.0, 0.0, 0.0, 0.0]",39.5,40.492
80,0.15048597753047943,False,,0.0,0.0,,AUSENTE (RUÍDO),"[0.0, 0.0, 0.0, 0.0, 0.0, 0.0, 0.0, 0.0, 0.0, 0.0, 0.0, 0.0, 0.0, 0.0, 0.0, 0.0, 0.0, 0.0, 0.0, 0.0]",40.0,40.992
81,0.13426581025123596,False,,0.0,0.0,,AUSENTE (RUÍDO),"[0.0, 0.0, 0.0, 0.0, 0.0, 0.0, 0.0, 0.0, 0.0, 0.0, 0.0, 0.0, 0.0, 0.0, 0.0, 0.0, 0.0, 0.0, 0.0, 0.0]",40.5,41.492
82,0.16414576768875122,False,,0.0,0.0,,AUSENTE (RUÍDO),"[0.0, 0.0, 0.0, 0.0, 0.0, 0.0, 0.0, 0.0, 0.0, 0.0, 0.0, 0.0, 0.0, 0.0, 0.0, 0.0, 0.0, 0.0, 0.0, 0.0]",41.0,41.992
83,0.30572786927223206,False,,0.0,0.0,,AUSENTE (RUÍDO),"[0.0, 0.0, 0.0, 0.0, 0.0, 0.0, 0.0, 0.0, 0.0, 0.0, 0.0, 0.0, 0.0, 0.0, 0.0, 0.0, 0.0, 0.0, 0.0, 0.0]",41.5,42.492
84,0.869496762752533,True,Anopheles albimanus,0.24740172922611237,-7.784646903328394,,INCERTO (FORA DA DISTRIBUIÇÃO / RUÍDO),"[0.0030435805674642324, 0.0019694229122251272, 1.1380194564480917e-06, 0.022707097232341766, 0.24740172922611237, 0.20821699500083923, 0.00022974623425398022, 0.13345924019813538, 0.0720137357711792, 0.059849705547094345, 0.03077302873134613, 0.002591302851215005, 0.10460785031318665, 0.0017533708596602082, 2.2413656552089378e-05, 0.03522595763206482, 0.01605500839650631, 0.013405537232756615, 0.03996826335787773, 0.006704810541123152]",42.0,42.992
85,0.49103015661239624,False,,0.0,0.0,,AUSENTE (RUÍDO),"[0.0, 0.0, 0.0, 0.0, 0.0, 0.0, 0.0, 0.0, 0.0, 0.0, 0.0, 0.0, 0.0, 0.0, 0.0, 0.0, 0.0, 0.0, 0.0, 0.0]",42.5,43.492
86,0.499641090631485,False,,0.0,0.0,,AUSENTE (RUÍDO),"[0.0, 0.0, 0.0, 0.0, 0.0, 0.0, 0.0, 0.0, 0.0, 0.0, 0.0, 0.0, 0.0, 0.0, 0.0, 0.0, 0.0, 0.0, 0.0, 0.0]",43.0,43.992
87,0.5824263691902161,False,,0.0,0.0,,AUSENTE (RUÍDO),"[0.0, 0.0, 0.0, 0.0, 0.0, 0.0, 0.0, 0.0, 0.0, 0.0, 0.0, 0.0, 0.0, 0.0, 0.0, 0.0, 0.0, 0.0, 0.0, 0.0]",43.5,44.492
88,0.5018150210380554,False,,0.0,0.0,,AUSENTE (RUÍDO),"[0.0, 0.0, 0.0, 0.0, 0.0, 0.0, 0.0, 0.0, 0.0, 0.0, 0.0, 0.0, 0.0, 0.0, 0.0, 0.0, 0.0, 0.0, 0.0, 0.0]",44.0,44.992
89,0.2778494656085968,False,,0.0,0.0,,AUSENTE (RUÍDO),"[0.0, 0.0, 0.0, 0.0, 0.0, 0.0, 0.0, 0.0, 0.0, 0.0, 0.0, 0.0, 0.0, 0.0, 0.0, 0.0, 0.0, 0.0, 0.0, 0.0]",44.5,45.492
90,0.31375905871391296,False,,0.0,0.0,,AUSENTE (RUÍDO),"[0.0, 0.0, 0.0, 0.0, 0.0, 0.0, 0.0, 0.0, 0.0, 0.0, 0.0, 0.0, 0.0, 0.0, 0.0, 0.0, 0.0, 0.0, 0.0, 0.0]",45.0,45.992
91,0.4685613512992859,False,,0.0,0.0,,AUSENTE (RUÍDO),"[0.0, 0.0, 0.0, 0.0, 0.0, 0.0, 0.0, 0.0, 0.0, 0.0, 0.0, 0.0, 0.0, 0.0, 0.0, 0.0, 0.0, 0.0, 0.0, 0.0]",45.5,46.492
92,0.3252076208591461,False,,0.0,0.0,,AUSENTE (RUÍDO),"[0.0, 0.0, 0.0, 0.0, 0.0, 0.0, 0.0, 0.0, 0.0, 0.0, 0.0, 0.0, 0.0, 0.0, 0.0, 0.0, 0.0, 0.0, 0.0, 0.0]",46.0,46.992
93,0.6349020600318909,False,,0.0,0.0,,AUSENTE (RUÍDO),"[0.0, 0.0, 0.0, 0.0, 0.0, 0.0, 0.0, 0.0, 0.0, 0.0, 0.0, 0.0, 0.0, 0.0, 0.0, 0.0, 0.0, 0.0, 0.0, 0.0]",46.5,47.492
94,0.18504448235034943,False,,0.0,0.0,,AUSENTE (RUÍDO),"[0.0, 0.0, 0.0, 0.0, 0.0, 0.0, 0.0, 0.0, 0.0, 0.0, 0.0, 0.0, 0.0, 0.0, 0.0, 0.0, 0.0, 0.0, 0.0, 0.0]",47.0,47.992
95,0.14600184559822083,False,,0.0,0.0,,AUSENTE (RUÍDO),"[0.0, 0.0, 0.0, 0.0, 0.0, 0.0, 0.0, 0.0, 0.0, 0.0, 0.0, 0.0, 0.0, 0.0, 0.0, 0.0, 0.0, 0.0, 0.0, 0.0]",47.5,48.492
96,0.11668505519628525,False,,0.0,0.0,,AUSENTE (RUÍDO),"[0.0, 0.0, 0.0, 0.0, 0.0, 0.0, 0.0, 0.0, 0.0, 0.0, 0.0, 0.0, 0.0, 0.0, 0.0, 0.0, 0.0, 0.0, 0.0, 0.0]",48.0,48.992
97,0.32385820150375366,False,,0.0,0.0,,AUSENTE (RUÍDO),"[0.0, 0.0, 0.0, 0.0, 0.0, 0.0, 0.0, 0.0, 0.0, 0.0, 0.0, 0.0, 0.0, 0.0, 0.0, 0.0, 0.0, 0.0, 0.0, 0.0]",48.5,49.492
98,0.13894174993038177,False,,0.0,0.0,,AUSENTE (RUÍDO),"[0.0, 0.0, 0.0, 0.0, 0.0, 0.0, 0.0, 0.0, 0.0, 0.0, 0.0, 0.0, 0.0, 0.0, 0.0, 0.0, 0.0, 0.0, 0.0, 0.0]",49.0,49.992
99,0.22660531103610992,False,,0.0,0.0,,AUSENTE (RUÍDO),"[0.0, 0.0, 0.0, 0.0, 0.0, 0.0, 0.0, 0.0, 0.0, 0.0, 0.0, 0.0, 0.0, 0.0, 0.0, 0.0, 0.0, 0.0, 0.0, 0.0]",49.5,50.492
100,0.4456823468208313,False,,0.0,0.0,,AUSENTE (RUÍDO),"[0.0, 0.0, 0.0, 0.0, 0.0, 0.0, 0.0, 0.0, 0.0, 0.0, 0.0, 0.0, 0.0, 0.0, 0.0, 0.0, 0.0, 0.0, 0.0, 0.0]",50.0,50.992
101,0.2621992528438568,False,,0.0,0.0,,AUSENTE (RUÍDO),"[0.0, 0.0, 0.0, 0.0, 0.0, 0.0, 0.0, 0.0, 0.0, 0.0, 0.0, 0.0, 0.0, 0.0, 0.0, 0.0, 0.0, 0.0, 0.0, 0.0]",50.5,51.492
102,0.3096497356891632,False,,0.0,0.0,,AUSENTE (RUÍDO),"[0.0, 0.0, 0.0, 0.0, 0.0, 0.0, 0.0, 0.0, 0.0, 0.0, 0.0, 0.0, 0.0, 0.0, 0.0, 0.0, 0.0, 0.0, 0.0, 0.0]",51.0,51.992
103,0.34675735235214233,False,,0.0,0.0,,AUSENTE (RUÍDO),"[0.0, 0.0, 0.0, 0.0, 0.0, 0.0, 0.0, 0.0, 0.0, 0.0, 0.0, 0.0, 0.0, 0.0, 0.0, 0.0, 0.0, 0.0, 0.0, 0.0]",51.5,52.492
104,0.3350411057472229,False,,0.0,0.0,,AUSENTE (RUÍDO),"[0.0, 0.0, 0.0, 0.0, 0.0, 0.0, 0.0, 0.0, 0.0, 0.0, 0.0, 0.0, 0.0, 0.0, 0.0, 0.0, 0.0, 0.0, 0.0, 0.0]",52.0,52.992
105,0.2941130995750427,False,,0.0,0.0,,AUSENTE (RUÍDO),"[0.0, 0.0, 0.0, 0.0, 0.0, 0.0, 0.0, 0.0, 0.0, 0.0, 0.0, 0.0, 0.0, 0.0, 0.0, 0.0, 0.0, 0.0, 0.0, 0.0]",52.5,53.492
106,0.13085946440696716,False,,0.0,0.0,,AUSENTE (RUÍDO),"[0.0, 0.0, 0.0, 0.0, 0.0, 0.0, 0.0, 0.0, 0.0, 0.0, 0.0, 0.0, 0.0, 0.0, 0.0, 0.0, 0.0, 0.0, 0.0, 0.0]",53.0,53.992
107,0.1776072233915329,False,,0.0,0.0,,AUSENTE (RUÍDO),"[0.0, 0.0, 0.0, 0.0, 0.0, 0.0, 0.0, 0.0, 0.0, 0.0, 0.0, 0.0, 0.0, 0.0, 0.0, 0.0, 0.0, 0.0, 0.0, 0.0]",53.5,54.492
108,0.22603020071983337,False,,0.0,0.0,,AUSENTE (RUÍDO),"[0.0, 0.0, 0.0, 0.0, 0.0, 0.0, 0.0, 0.0, 0.0, 0.0, 0.0, 0.0, 0.0, 0.0, 0.0, 0.0, 0.0, 0.0, 0.0, 0.0]",54.0,54.992
109,0.16959600150585175,False,,0.0,0.0,,AUSENTE (RUÍDO),"[0.0, 0.0, 0.0, 0.0, 0.0, 0.0, 0.0, 0.0, 0.0, 0.0, 0.0, 0.0, 0.0, 0.0, 0.0, 0.0, 0.0, 0.0, 0.0, 0.0]",54.5,55.492
110,0.28717055916786194,False,,0.0,0.0,,AUSENTE (RUÍDO),"[0.0, 0.0, 0.0, 0.0, 0.0, 0.0, 0.0, 0.0, 0.0, 0.0, 0.0, 0.0, 0.0, 0.0, 0.0, 0.0, 0.0, 0.0, 0.0, 0.0]",55.0,55.992
111,0.2407817840576172,False,,0.0,0.0,,AUSENTE (RUÍDO),"[0.0, 0.0, 0.0, 0.0, 0.0, 0.0, 0.0, 0.0, 0.0, 0.0, 0.0, 0.0, 0.0, 0.0, 0.0, 0.0, 0.0, 0.0, 0.0, 0.0]",55.5,56.492
112,0.30487072467803955,False,,0.0,0.0,,AUSENTE (RUÍDO),"[0.0, 0.0, 0.0, 0.0, 0.0, 0.0, 0.0, 0.0, 0.0, 0.0, 0.0, 0.0, 0.0, 0.0, 0.0, 0.0, 0.0, 0.0, 0.0, 0.0]",56.0,56.992
113,0.372726172208786,False,,0.0,0.0,,AUSENTE (RUÍDO),"[0.0, 0.0, 0.0, 0.0, 0.0, 0.0, 0.0, 0.0, 0.0, 0.0, 0.0, 0.0, 0.0, 0.0, 0.0, 0.0, 0.0, 0.0, 0.0, 0.0]",56.5,57.492
114,0.34148311614990234,False,,0.0,0.0,,AUSENTE (RUÍDO),"[0.0, 0.0, 0.0, 0.0, 0.0, 0.0, 0.0, 0.0, 0.0, 0.0, 0.0, 0.0, 0.0, 0.0, 0.0, 0.0, 0.0, 0.0, 0.0, 0.0]",57.0,57.992
115,0.29438862204551697,False,,0.0,0.0,,AUSENTE (RUÍDO),"[0.0, 0.0, 0.0, 0.0, 0.0, 0.0, 0.0, 0.0, 0.0, 0.0, 0.0, 0.0, 0.0, 0.0, 0.0, 0.0, 0.0, 0.0, 0.0, 0.0]",57.5,58.492
116,0.18154193460941315,False,,0.0,0.0,,AUSENTE (RUÍDO),"[0.0, 0.0, 0.0, 0.0, 0.0, 0.0, 0.0, 0.0, 0.0, 0.0, 0.0, 0.0, 0.0, 0.0, 0.0, 0.0, 0.0, 0.0, 0.0, 0.0]",58.0,58.992
117,0.15728585422039032,False,,0.0,0.0,,AUSENTE (RUÍDO),"[0.0, 0.0, 0.0, 0.0, 0.0, 0.0, 0.0, 0.0, 0.0, 0.0, 0.0, 0.0, 0.0, 0.0, 0.0, 0.0, 0.0, 0.0, 0.0, 0.0]",58.5,59.492
118,0.2467629611492157,False,,0.0,0.0,,AUSENTE (RUÍDO),"[0.0, 0.0, 0.0, 0.0, 0.0, 0.0, 0.0, 0.0, 0.0, 0.0, 0.0, 0.0, 0.0, 0.0, 0.0, 0.0, 0.0, 0.0, 0.0, 0.0]",59.0,59.992
119,0.18197280168533325,False,,0.0,0.0,,AUSENTE (RUÍDO),"[0.0, 0.0, 0.0, 0.0, 0.0, 0.0, 0.0, 0.0, 0.0, 0.0, 0.0, 0.0, 0.0, 0.0, 0.0, 0.0, 0.0, 0.0, 0.0, 0.0]",59.5,60.492
120,0.20980189740657806,False,,0.0,0.0,,AUSENTE (RUÍDO),"[0.0, 0.0, 0.0, 0.0, 0.0, 0.0, 0.0, 0.0, 0.0, 0.0, 0.0, 0.0, 0.0, 0.0, 0.0, 0.0, 0.0, 0.0, 0.0, 0.0]",60.0,60.992
121,0.36556217074394226,False,,0.0,0.0,,AUSENTE (RUÍDO),"[0.0, 0.0, 0.0, 0.0, 0.0, 0.0, 0.0, 0.0, 0.0, 0.0, 0.0, 0.0, 0.0, 0.0, 0.0, 0.0, 0.0, 0.0, 0.0, 0.0]",60.5,61.492
122,0.2676115036010742,False,,0.0,0.0,,AUSENTE (RUÍDO),"[0.0, 0.0, 0.0, 0.0, 0.0, 0.0, 0.0, 0.0, 0.0, 0.0, 0.0, 0.0, 0.0, 0.0, 0.0, 0.0, 0.0, 0.0, 0.0, 0.0]",61.0,61.992
123,0.3699129521846771,False,,0.0,0.0,,AUSENTE (RUÍDO),"[0.0, 0.0, 0.0, 0.0, 0.0, 0.0, 0.0, 0.0, 0.0, 0.0, 0.0, 0.0, 0.0, 0.0, 0.0, 0.0, 0.0, 0.0, 0.0, 0.0]",61.5,62.492
124,0.4490080773830414,False,,0.0,0.0,,AUSENTE (RUÍDO),"[0.0, 0.0, 0.0, 0.0, 0.0, 0.0, 0.0, 0.0, 0.0, 0.0, 0.0, 0.0, 0.0, 0.0, 0.0, 0.0, 0.0, 0.0, 0.0, 0.0]",62.0,62.992
125,0.5134981870651245,False,,0.0,0.0,,AUSENTE (RUÍDO),"[0.0, 0.0, 0.0, 0.0, 0.0, 0.0, 0.0, 0.0, 0.0, 0.0, 0.0, 0.0, 0.0, 0.0, 0.0, 0.0, 0.0, 0.0, 0.0, 0.0]",62.5,63.492
126,0.39988186955451965,False,,0.0,0.0,,AUSENTE (RUÍDO),"[0.0, 0.0, 0.0, 0.0, 0.0, 0.0, 0.0, 0.0, 0.0, 0.0, 0.0, 0.0, 0.0, 0.0, 0.0, 0.0, 0.0, 0.0, 0.0, 0.0]",63.0,63.992
127,0.3160320222377777,False,,0.0,0.0,,AUSENTE (RUÍDO),"[0.0, 0.0, 0.0, 0.0, 0.0, 0.0, 0.0, 0.0, 0.0, 0.0, 0.0, 0.0, 0.0, 0.0, 0.0, 0.0, 0.0, 0.0, 0.0, 0.0]",63.5,64.492
128,0.20898525416851044,False,,0.0,0.0,,AUSENTE (RUÍDO),"[0.0, 0.0, 0.0, 0.0, 0.0, 0.0, 0.0, 0.0, 0.0, 0.0, 0.0, 0.0, 0.0, 0.0, 0.0, 0.0, 0.0, 0.0, 0.0, 0.0]",64.0,64.992
129,0.199616938829422,False,,0.0,0.0,,AUSENTE (RUÍDO),"[0.0, 0.0, 0.0, 0.0, 0.0, 0.0, 0.0, 0.0, 0.0, 0.0, 0.0, 0.0, 0.0, 0.0, 0.0, 0.0, 0.0, 0.0, 0.0, 0.0]",64.5,65.492
130,0.15489807724952698,False,,0.0,0.0,,AUSENTE (RUÍDO),"[0.0, 0.0, 0.0, 0.0, 0.0, 0.0, 0.0, 0.0, 0.0, 0.0, 0.0, 0.0, 0.0, 0.0, 0.0, 0.0, 0.0, 0.0, 0.0, 0.0]",65.0,65.992
131,0.22917895019054413,False,,0.0,0.0,,AUSENTE (RUÍDO),"[0.0, 0.0, 0.0, 0.0, 0.0, 0.0, 0.0, 0.0, 0.0, 0.0, 0.0, 0.0, 0.0, 0.0, 0.0, 0.0, 0.0, 0.0, 0.0, 0.0]",65.5,66.492
132,0.6017783284187317,False,,0.0,0.0,,AUSENTE (RUÍDO),"[0.0, 0.0, 0.0, 0.0, 0.0, 0.0, 0.0, 0.0, 0.0, 0.0, 0.0, 0.0, 0.0, 0.0, 0.0, 0.0, 0.0, 0.0, 0.0, 0.0]",66.0,66.992
133,0.34196022152900696,False,,0.0,0.0,,AUSENTE (RUÍDO),"[0.0, 0.0, 0.0, 0.0, 0.0, 0.0, 0.0, 0.0, 0.0, 0.0, 0.0, 0.0, 0.0, 0.0, 0.0, 0.0, 0.0, 0.0, 0.0, 0.0]",66.5,67.492
134,0.2639195919036865,False,,0.0,0.0,,AUSENTE (RUÍDO),"[0.0, 0.0, 0.0, 0.0, 0.0, 0.0, 0.0, 0.0, 0.0, 0.0, 0.0, 0.0, 0.0, 0.0, 0.0, 0.0, 0.0, 0.0, 0.0, 0.0]",67.0,67.992
135,0.23602931201457977,False,,0.0,0.0,,AUSENTE (RUÍDO),"[0.0, 0.0, 0.0, 0.0, 0.0, 0.0, 0.0, 0.0, 0.0, 0.0, 0.0, 0.0, 0.0, 0.0, 0.0, 0.0, 0.0, 0.0, 0.0, 0.0]",67.5,68.492
136,0.27165836095809937,False,,0.0,0.0,,AUSENTE (RUÍDO),"[0.0, 0.0, 0.0, 0.0, 0.0, 0.0, 0.0, 0.0, 0.0, 0.0, 0.0, 0.0, 0.0, 0.0, 0.0, 0.0, 0.0, 0.0, 0.0, 0.0]",68.0,68.992
137,0.5522547364234924,False,,0.0,0.0,,AUSENTE (RUÍDO),"[0.0, 0.0, 0.0, 0.0, 0.0, 0.0, 0.0, 0.0, 0.0, 0.0, 0.0, 0.0, 0.0, 0.0, 0.0, 0.0, 0.0, 0.0, 0.0, 0.0]",68.5,69.492
138,0.44512978196144104,False,,0.0,0.0,,AUSENTE (RUÍDO),"[0.0, 0.0, 0.0, 0.0, 0.0, 0.0, 0.0, 0.0, 0.0, 0.0, 0.0, 0.0, 0.0, 0.0, 0.0, 0.0, 0.0, 0.0, 0.0, 0.0]",69.0,69.992
139,0.5645778775215149,False,,0.0,0.0,,AUSENTE (RUÍDO),"[0.0, 0.0, 0.0, 0.0, 0.0, 0.0, 0.0, 0.0, 0.0, 0.0, 0.0, 0.0, 0.0, 0.0, 0.0, 0.0, 0.0, 0.0, 0.0, 0.0]",69.5,70.492
140,0.7071660757064819,True,Anopheles minimus,0.1821431964635849,-6.832053242689653,,INCERTO (FORA DA DISTRIBUIÇÃO / RUÍDO),"[0.060313235968351364, 0.014028261415660381, 9.442607733944897e-06, 0.0209091454744339, 0.04290137067437172, 0.11038008332252502, 0.00033413752680644393, 0.06685846298933029, 0.0510091707110405, 0.03446560353040695, 0.17340415716171265, 0.003476273501291871, 0.1821431964635849, 0.005858756601810455, 2.58172040048521e-05, 0.04936526343226433, 0.06481195986270905, 0.016518212854862213, 0.09579453617334366, 0.007392773870378733]",70.0,70.992
141,0.2028636783361435,False,,0.0,0.0,,AUSENTE (RUÍDO),"[0.0, 0.0, 0.0, 0.0, 0.0, 0.0, 0.0, 0.0, 0.0, 0.0, 0.0, 0.0, 0.0, 0.0, 0.0, 0.0, 0.0, 0.0, 0.0, 0.0]",70.5,71.492
142,0.11104834824800491,False,,0.0,0.0,,AUSENTE (RUÍDO),"[0.0, 0.0, 0.0, 0.0, 0.0, 0.0, 0.0, 0.0, 0.0, 0.0, 0.0, 0.0, 0.0, 0.0, 0.0, 0.0, 0.0, 0.0, 0.0, 0.0]",71.0,71.992
143,0.11544705182313919,False,,0.0,0.0,,AUSENTE (RUÍDO),"[0.0, 0.0, 0.0, 0.0, 0.0, 0.0, 0.0, 0.0, 0.0, 0.0, 0.0, 0.0, 0.0, 0.0, 0.0, 0.0, 0.0, 0.0, 0.0, 0.0]",71.5,72.492
144,0.1908729523420334,False,,0.0,0.0,,AUSENTE (RUÍDO),"[0.0, 0.0, 0.0, 0.0, 0.0, 0.0, 0.0, 0.0, 0.0, 0.0, 0.0, 0.0, 0.0, 0.0, 0.0, 0.0, 0.0, 0.0, 0.0, 0.0]",72.0,72.992
145,0.14689606428146362,False,,0.0,0.0,,AUSENTE (RUÍDO),"[0.0, 0.0, 0.0, 0.0, 0.0, 0.0, 0.0, 0.0, 0.0, 0.0, 0.0, 0.0, 0.0, 0.0, 0.0, 0.0, 0.0, 0.0, 0.0, 0.0]",72.5,73.492
146,0.28865867853164673,False,,0.0,0.0,,AUSENTE (RUÍDO),"[0.0, 0.0, 0.0, 0.0, 0.0, 0.0, 0.0, 0.0, 0.0, 0.0, 0.0, 0.0, 0.0, 0.0, 0.0, 0.0, 0.0, 0.0, 0.0, 0.0]",73.0,73.992
147,0.3836483657360077,False,,0.0,0.0,,AUSENTE (RUÍDO),"[0.0, 0.0, 0.0, 0.0, 0.0, 0.0, 0.0, 0.0, 0.0, 0.0, 0.0, 0.0, 0.0, 0.0, 0.0, 0.0, 0.0, 0.0, 0.0, 0.0]",73.5,74.492
148,0.14166665077209473,False,,0.0,0.0,,AUSENTE (RUÍDO),"[0.0, 0.0, 0.0, 0.0, 0.0, 0.0, 0.0, 0.0, 0.0, 0.0, 0.0, 0.0, 0.0, 0.0, 0.0, 0.0, 0.0, 0.0, 0.0, 0.0]",74.0,74.992
149,0.25682953000068665,False,,0.0,0.0,,AUSENTE (RUÍDO),"[0.0, 0.0, 0.0, 0.0, 0.0, 0.0, 0.0, 0.0, 0.0, 0.0, 0.0, 0.0, 0.0, 0.0, 0.0, 0.0, 0.0, 0.0, 0.0, 0.0]",74.5,75.492
150,0.3773361146450043,False,,0.0,0.0,,AUSENTE (RUÍDO),"[0.0, 0.0, 0.0, 0.0, 0.0, 0.0, 0.0, 0.0, 0.0, 0.0, 0.0, 0.0, 0.0, 0.0, 0.0, 0.0, 0.0, 0.0, 0.0, 0.0]",75.0,75.992
151,0.3817747235298157,False,,0.0,0.0,,AUSENTE (RUÍDO),"[0.0, 0.0, 0.0, 0.0, 0.0, 0.0, 0.0, 0.0, 0.0, 0.0, 0.0, 0.0, 0.0, 0.0, 0.0, 0.0, 0.0, 0.0, 0.0, 0.0]",75.5,76.492
152,0.2383788824081421,False,,0.0,0.0,,AUSENTE (RUÍDO),"[0.0, 0.0, 0.0, 0.0, 0.0, 0.0, 0.0, 0.0, 0.0, 0.0, 0.0, 0.0, 0.0, 0.0, 0.0, 0.0, 0.0, 0.0, 0.0, 0.0]",76.0,76.992
153,0.23134319484233856,False,,0.0,0.0,,AUSENTE (RUÍDO),"[0.0, 0.0, 0.0, 0.0, 0.0, 0.0, 0.0, 0.0, 0.0, 0.0, 0.0, 0.0, 0.0, 0.0, 0.0, 0.0, 0.0, 0.0, 0.0, 0.0]",76.5,77.492
154,0.25915005803108215,False,,0.0,0.0,,AUSENTE (RUÍDO),"[0.0, 0.0, 0.0, 0.0, 0.0, 0.0, 0.0, 0.0, 0.0, 0.0, 0.0, 0.0, 0.0, 0.0, 0.0, 0.0, 0.0, 0.0, 0.0, 0.0]",77.0,77.992
155,0.15254203975200653,False,,0.0,0.0,,AUSENTE (RUÍDO),"[0.0, 0.0, 0.0, 0.0, 0.0, 0.0, 0.0, 0.0, 0.0, 0.0, 0.0, 0.0, 0.0, 0.0, 0.0, 0.0, 0.0, 0.0, 0.0, 0.0]",77.5,78.492
156,0.15935616195201874,False,,0.0,0.0,,AUSENTE (RUÍDO),"[0.0, 0.0, 0.0, 0.0, 0.0, 0.0, 0.0, 0.0, 0.0, 0.0, 0.0, 0.0, 0.0, 0.0, 0.0, 0.0, 0.0, 0.0, 0.0, 0.0]",78.0,78.992
157,0.15211324393749237,False,,0.0,0.0,,AUSENTE (RUÍDO),"[0.0, 0.0, 0.0, 0.0, 0.0, 0.0, 0.0, 0.0, 0.0, 0.0, 0.0, 0.0, 0.0, 0.0, 0.0, 0.0, 0.0, 0.0, 0.0, 0.0]",78.5,79.492
158,0.3369831144809723,False,,0.0,0.0,,AUSENTE (RUÍDO),"[0.0, 0.0, 0.0, 0.0, 0.0, 0.0, 0.0, 0.0, 0.0, 0.0, 0.0, 0.0, 0.0, 0.0, 0.0, 0.0, 0.0, 0.0, 0.0, 0.0]",79.0,79.992
159,0.2458573579788208,False,,0.0,0.0,,AUSENTE (RUÍDO),"[0.0, 0.0, 0.0, 0.0, 0.0, 0.0, 0.0, 0.0, 0.0, 0.0, 0.0, 0.0, 0.0, 0.0, 0.0, 0.0, 0.0, 0.0, 0.0, 0.0]",79.5,80.492
160,0.4375149607658386,False,,0.0,0.0,,AUSENTE (RUÍDO),"[0.0, 0.0, 0.0, 0.0, 0.0, 0.0, 0.0, 0.0, 0.0, 0.0, 0.0, 0.0, 0.0, 0.0, 0.0, 0.0, 0.0, 0.0, 0.0, 0.0]",80.0,80.992
161,0.20589976012706757,False,,0.0,0.0,,AUSENTE (RUÍDO),"[0.0, 0.0, 0.0, 0.0, 0.0, 0.0, 0.0, 0.0, 0.0, 0.0, 0.0, 0.0, 0.0, 0.0, 0.0, 0.0, 0.0, 0.0, 0.0, 0.0]",80.5,81.492
162,0.3505333960056305,False,,0.0,0.0,,AUSENTE (RUÍDO),"[0.0, 0.0, 0.0, 0.0, 0.0, 0.0, 0.0, 0.0, 0.0, 0.0, 0.0, 0.0, 0.0, 0.0, 0.0, 0.0, 0.0, 0.0, 0.0, 0.0]",81.0,81.992
163,0.45835942029953003,False,,0.0,0.0,,AUSENTE (RUÍDO),"[0.0, 0.0, 0.0, 0.0, 0.0, 0.0, 0.0, 0.0, 0.0, 0.0, 0.0, 0.0, 0.0, 0.0, 0.0, 0.0, 0.0, 0.0, 0.0, 0.0]",81.5,82.492
164,0.6790561676025391,True,Anopheles minimus,0.13339360058307648,-7.06172619987592,,INCERTO (FORA DA DISTRIBUIÇÃO / RUÍDO),"[0.08992069214582443, 0.05726063624024391, 1.1853097021230496e-05, 0.12839406728744507, 0.023039497435092926, 0.07095740735530853, 5.569347194978036e-05, 0.03356412053108215, 0.04157557338476181, 0.050005875527858734, 0.09823839366436005, 0.0004439550684764981, 0.13339360058307648, 0.0029463856481015682, 0.0002160340518457815, 0.03514790162444115, 0.024931224063038826, 0.0787750706076622, 0.11398699879646301, 0.017135057598352432]",82.0,82.992
165,0.6335310339927673,False,,0.0,0.0,,AUSENTE (RUÍDO),"[0.0, 0.0, 0.0, 0.0, 0.0, 0.0, 0.0, 0.0, 0.0, 0.0, 0.0, 0.0, 0.0, 0.0, 0.0, 0.0, 0.0, 0.0, 0.0, 0.0]",82.5,83.492
166,0.42348378896713257,False,,0.0,0.0,,AUSENTE (RUÍDO),"[0.0, 0.0, 0.0, 0.0, 0.0, 0.0, 0.0, 0.0, 0.0, 0.0, 0.0, 0.0, 0.0, 0.0, 0.0, 0.0, 0.0, 0.0, 0.0, 0.0]",83.0,83.992
167,0.6093570590019226,False,,0.0,0.0,,AUSENTE (RUÍDO),"[0.0, 0.0, 0.0, 0.0, 0.0, 0.0, 0.0, 0.0, 0.0, 0.0, 0.0, 0.0, 0.0, 0.0, 0.0, 0.0, 0.0, 0.0, 0.0, 0.0]",83.5,84.492
168,0.35725781321525574,False,,0.0,0.0,,AUSENTE (RUÍDO),"[0.0, 0.0, 0.0, 0.0, 0.0, 0.0, 0.0, 0.0, 0.0, 0.0, 0.0, 0.0, 0.0, 0.0, 0.0, 0.0, 0.0, 0.0, 0.0, 0.0]",84.0,84.992
169,0.40011295676231384,False,,0.0,0.0,,AUSENTE (RUÍDO),"[0.0, 0.0, 0.0, 0.0, 0.0, 0.0, 0.0, 0.0, 0.0, 0.0, 0.0, 0.0, 0.0, 0.0, 0.0, 0.0, 0.0, 0.0, 0.0, 0.0]",84.5,85.492
170,0.36225879192352295,False,,0.0,0.0,,AUSENTE (RUÍDO),"[0.0, 0.0, 0.0, 0.0, 0.0, 0.0, 0.0, 0.0, 0.0, 0.0, 0.0, 0.0, 0.0, 0.0, 0.0, 0.0, 0.0, 0.0, 0.0, 0.0]",85.0,85.992
171,0.5693071484565735,False,,0.0,0.0,,AUSENTE (RUÍDO),"[0.0, 0.0, 0.0, 0.0, 0.0, 0.0, 0.0, 0.0, 0.0, 0.0, 0.0, 0.0, 0.0, 0.0, 0.0, 0.0, 0.0, 0.0, 0.0, 0.0]",85.5,86.492
172,0.8621789216995239,True,Aedes sierrensis,0.125473290681839,-7.336521710192756,,INCERTO (FORA DA DISTRIBUIÇÃO / RUÍDO),"[0.0828874409198761, 0.05695203319191933, 2.7421187951404136e-06, 0.125473290681839, 0.034338586032390594, 0.0552109032869339, 5.281453559291549e-05, 0.05950081720948219, 0.10495217144489288, 0.0760466530919075, 0.12230216711759567, 0.0002638992154970765, 0.10179629176855087, 0.0011743578361347318, 8.621707820566371e-05, 0.05308326706290245, 0.023401593789458275, 0.05445970222353935, 0.04219331219792366, 0.005821644328534603]",86.0,86.992
173,0.7194021344184875,True,Aedes sierrensis,0.15890075266361237,-7.641858975315699,,INCERTO (FORA DA DISTRIBUIÇÃO / RUÍDO),"[0.03659065067768097, 0.09044324606657028, 2.654560830706032e-06, 0.15890075266361237, 0.03125405311584473, 0.05859316885471344, 2.176095404138323e-05, 0.06519012153148651, 0.10150044411420822, 0.06620622426271439, 0.09028628468513489, 0.00023568309552501887, 0.12655383348464966, 0.0010227966122329235, 0.00014451392053160816, 0.05828819423913956, 0.009402435272932053, 0.07400749623775482, 0.024527616798877716, 0.006828073412179947]",86.5,87.492
174,0.779479444026947,True,Culex quinquefasciatus,0.1467994600534439,-7.714983745017889,,INCERTO (FORA DA DISTRIBUIÇÃO / RUÍDO),"[0.026289010420441628, 0.04105197265744209, 9.952926120604388e-06, 0.11738079786300659, 0.04724564403295517, 0.06398484110832214, 3.562054189387709e-05, 0.06023501977324486, 0.1121167540550232, 0.089039146900177, 0.06139983981847763, 0.00010432278213556856, 0.11419250816106796, 0.0011045599821954966, 0.0002028047456406057, 0.042067304253578186, 0.013973748311400414, 0.1467994600534439, 0.057513248175382614, 0.005253451876342297]",87.0,87.992
175,0.6422063112258911,False,,0.0,0.0,,AUSENTE (RUÍDO),"[0.0, 0.0, 0.0, 0.0, 0.0, 0.0, 0.0, 0.0, 0.0, 0.0, 0.0, 0.0, 0.0, 0.0, 0.0, 0.0, 0.0, 0.0, 0.0, 0.0]",87.5,88.492
176,0.3615204095840454,False,,0.0,0.0,,AUSENTE (RUÍDO),"[0.0, 0.0, 0.0, 0.0, 0.0, 0.0, 0.0, 0.0, 0.0, 0.0, 0.0, 0.0, 0.0, 0.0, 0.0, 0.0, 0.0, 0.0, 0.0, 0.0]",88.0,88.992
177,0.5596754550933838,False,,0.0,0.0,,AUSENTE (RUÍDO),"[0.0, 0.0, 0.0, 0.0, 0.0, 0.0, 0.0, 0.0, 0.0, 0.0, 0.0, 0.0, 0.0, 0.0, 0.0, 0.0, 0.0, 0.0, 0.0, 0.0]",88.5,89.492
178,0.42528462409973145,False,,0.0,0.0,,AUSENTE (RUÍDO),"[0.0, 0.0, 0.0, 0.0, 0.0, 0.0, 0.0, 0.0, 0.0, 0.0, 0.0, 0.0, 0.0, 0.0, 0.0, 0.0, 0.0, 0.0, 0.0, 0.0]",89.0,89.992
179,0.4072035551071167,False,,0.0,0.0,,AUSENTE (RUÍDO),"[0.0, 0.0, 0.0, 0.0, 0.0, 0.0, 0.0, 0.0, 0.0, 0.0, 0.0, 0.0, 0.0, 0.0, 0.0, 0.0, 0.0, 0.0, 0.0, 0.0]",89.5,90.492
180,0.2999666631221771,False,,0.0,0.0,,AUSENTE (RUÍDO),"[0.0, 0.0, 0.0, 0.0, 0.0, 0.0, 0.0, 0.0, 0.0, 0.0, 0.0, 0.0, 0.0, 0.0, 0.0, 0.0, 0.0, 0.0, 0.0, 0.0]",90.0,90.992
181,0.2418707013130188,False,,0.0,0.0,,AUSENTE (RUÍDO),"[0.0, 0.0, 0.0, 0.0, 0.0, 0.0, 0.0, 0.0, 0.0, 0.0, 0.0, 0.0, 0.0, 0.0, 0.0, 0.0, 0.0, 0.0, 0.0, 0.0]",90.5,91.492
182,0.1517467200756073,False,,0.0,0.0,,AUSENTE (RUÍDO),"[0.0, 0.0, 0.0, 0.0, 0.0, 0.0, 0.0, 0.0, 0.0, 0.0, 0.0, 0.0, 0.0, 0.0, 0.0, 0.0, 0.0, 0.0, 0.0, 0.0]",91.0,91.992
183,0.3983136713504791,False,,0.0,0.0,,AUSENTE (RUÍDO),"[0.0, 0.0, 0.0, 0.0, 0.0, 0.0, 0.0, 0.0, 0.0, 0.0, 0.0, 0.0, 0.0, 0.0, 0.0, 0.0, 0.0, 0.0, 0.0, 0.0]",91.5,92.492
184,0.5319733023643494,False,,0.0,0.0,,AUSENTE (RUÍDO),"[0.0, 0.0, 0.0, 0.0, 0.0, 0.0, 0.0, 0.0, 0.0, 0.0, 0.0, 0.0, 0.0, 0.0, 0.0, 0.0, 0.0, 0.0, 0.0, 0.0]",92.0,92.992
185,0.3263476490974426,False,,0.0,0.0,,AUSENTE (RUÍDO),"[0.0, 0.0, 0.0, 0.0, 0.0, 0.0, 0.0, 0.0, 0.0, 0.0, 0.0, 0.0, 0.0, 0.0, 0.0, 0.0, 0.0, 0.0, 0.0, 0.0]",92.5,93.492
186,0.6342719793319702,False,,0.0,0.0,,AUSENTE (RUÍDO),"[0.0, 0.0, 0.0, 0.0, 0.0, 0.0, 0.0, 0.0, 0.0, 0.0, 0.0, 0.0, 0.0, 0.0, 0.0, 0.0, 0.0, 0.0, 0.0, 0.0]",93.0,93.992
187,0.38501644134521484,False,,0.0,0.0,,AUSENTE (RUÍDO),"[0.0, 0.0, 0.0, 0.0, 0.0, 0.0, 0.0, 0.0, 0.0, 0.0, 0.0, 0.0, 0.0, 0.0, 0.0, 0.0, 0.0, 0.0, 0.0, 0.0]",93.5,94.492
188,0.4808732569217682,False,,0.0,0.0,,AUSENTE (RUÍDO),"[0.0, 0.0, 0.0, 0.0, 0.0, 0.0, 0.0, 0.0, 0.0, 0.0, 0.0, 0.0, 0.0, 0.0, 0.0, 0.0, 0.0, 0.0, 0.0, 0.0]",94.0,94.992
189,0.8295906186103821,True,Aedes aegypti,0.1719604730606079,-7.725842012401699,,INCERTO (FORA DA DISTRIBUIÇÃO / RUÍDO),"[0.1719604730606079, 0.06298269331455231, 7.072978769429028e-05, 0.01575533114373684, 0.07993946224451065, 0.02899586595594883, 0.0009684271644800901, 0.04767719283699989, 0.06789218634366989, 0.0533723384141922, 0.0908961147069931, 0.0004875489103142172, 0.09260732680559158, 0.0014898538356646895, 0.0006598462932743132, 0.09214840084314346, 0.0831824317574501, 0.078457310795784, 0.012778401374816895, 0.017678098753094673]",94.5,95.492
190,0.657503068447113,False,,0.0,0.0,,AUSENTE (RUÍDO),"[0.0, 0.0, 0.0, 0.0, 0.0, 0.0, 0.0, 0.0, 0.0, 0.0, 0.0, 0.0, 0.0, 0.0, 0.0, 0.0, 0.0, 0.0, 0.0, 0.0]",95.0,95.992
191,0.380700945854187,False,,0.0,0.0,,AUSENTE (RUÍDO),"[0.0, 0.0, 0.0, 0.0, 0.0, 0.0, 0.0, 0.0, 0.0, 0.0, 0.0, 0.0, 0.0, 0.0, 0.0, 0.0, 0.0, 0.0, 0.0, 0.0]",95.5,96.492
192,0.9212551116943359,True,Aedes sierrensis,0.1622721403837204,-7.466287273386115,,INCERTO (FORA DA DISTRIBUIÇÃO / RUÍDO),"[0.06653591245412827, 0.06265246123075485, 5.098668680147966e-06, 0.1622721403837204, 0.08179404586553574, 0.03324185684323311, 0.0001608466263860464, 0.06171088293194771, 0.08127020299434662, 0.09897065162658691, 0.09385735541582108, 0.0003636791370809078, 0.09151370078325272, 0.0012157636228948832, 0.00011810772411990911, 0.06264704465866089, 0.023158783093094826, 0.06005553901195526, 0.011236689984798431, 0.007219251710921526]",96.0,96.992
193,0.7275124788284302,True,Anopheles minimus,0.11086652427911758,-6.920628936089997,,INCERTO (FORA DA DISTRIBUIÇÃO / RUÍDO),"[0.10505671054124832, 0.027170171961188316, 5.220178536546882e-06, 0.10284601897001266, 0.092054583132267, 0.02498055435717106, 0.0003816865209955722, 0.03798459842801094, 0.03462020680308342, 0.06823571026325226, 0.08964689821004868, 0.0005263224011287093, 0.11086652427911758, 0.003041365183889866, 0.0002763554803095758, 0.03258191794157028, 0.09243880212306976, 0.11017197370529175, 0.045053109526634216, 0.022061306983232498]",96.5,97.492
194,0.4275239109992981,False,,0.0,0.0,,AUSENTE (RUÍDO),"[0.0, 0.0, 0.0, 0.0, 0.0, 0.0, 0.0, 0.0, 0.0, 0.0, 0.0, 0.0, 0.0, 0.0, 0.0, 0.0, 0.0, 0.0, 0.0, 0.0]",97.0,97.992
195,0.2618630528450012,False,,0.0,0.0,,AUSENTE (RUÍDO),"[0.0, 0.0, 0.0, 0.0, 0.0, 0.0, 0.0, 0.0, 0.0, 0.0, 0.0, 0.0, 0.0, 0.0, 0.0, 0.0, 0.0, 0.0, 0.0, 0.0]",97.5,98.492
196,0.5343337655067444,False,,0.0,0.0,,AUSENTE (RUÍDO),"[0.0, 0.0, 0.0, 0.0, 0.0, 0.0, 0.0, 0.0, 0.0, 0.0, 0.0, 0.0, 0.0, 0.0, 0.0, 0.0, 0.0, 0.0, 0.0, 0.0]",98.0,98.992
197,0.6467187404632568,False,,0.0,0.0,,AUSENTE (RUÍDO),"[0.0, 0.0, 0.0, 0.0, 0.0, 0.0, 0.0, 0.0, 0.0, 0.0, 0.0, 0.0, 0.0, 0.0, 0.0, 0.0, 0.0, 0.0, 0.0, 0.0]",98.5,99.492
198,0.7283213138580322,True,Anopheles albimanus,0.1560562551021576,-7.420404983921799,,INCERTO (FORA DA DISTRIBUIÇÃO / RUÍDO),"[0.05763331428170204, 0.041482605040073395, 1.1267935406067409e-05, 0.03403323143720627, 0.1560562551021576, 0.059945497661828995, 0.00031711309566162527, 0.0651300698518753, 0.08085629343986511, 0.09402349591255188, 0.0844641849398613, 0.0006736411596648395, 0.11821656674146652, 0.001832091249525547, 0.00023580413835588843, 0.06158549711108208, 0.048458829522132874, 0.059547774493694305, 0.02855205535888672, 0.006944323889911175]",99.0,99.992
199,0.43179652094841003,False,,0.0,0.0,,AUSENTE (RUÍDO),"[0.0, 0.0, 0.0, 0.0, 0.0, 0.0, 0.0, 0.0, 0.0, 0.0, 0.0, 0.0, 0.0, 0.0, 0.0, 0.0, 0.0, 0.0, 0.0, 0.0]",99.5,100.492
200,0.38039061427116394,False,,0.0,0.0,,AUSENTE (RUÍDO),"[0.0, 0.0, 0.0, 0.0, 0.0, 0.0, 0.0, 0.0, 0.0, 0.0, 0.0, 0.0, 0.0, 0.0, 0.0, 0.0, 0.0, 0.0, 0.0, 0.0]",100.0,100.992
201,0.4930397570133209,False,,0.0,0.0,,AUSENTE (RUÍDO),"[0.0, 0.0, 0.0, 0.0, 0.0, 0.0, 0.0, 0.0, 0.0, 0.0, 0.0, 0.0, 0.0, 0.0, 0.0, 0.0, 0.0, 0.0, 0.0, 0.0]",100.5,101.492
202,0.20730359852313995,False,,0.0,0.0,,AUSENTE (RUÍDO),"[0.0, 0.0, 0.0, 0.0, 0.0, 0.0, 0.0, 0.0, 0.0, 0.0, 0.0, 0.0, 0.0, 0.0, 0.0, 0.0, 0.0, 0.0, 0.0, 0.0]",101.0,101.992
203,0.20797137916088104,False,,0.0,0.0,,AUSENTE (RUÍDO),"[0.0, 0.0, 0.0, 0.0, 0.0, 0.0, 0.0, 0.0, 0.0, 0.0, 0.0, 0.0, 0.0, 0.0, 0.0, 0.0, 0.0, 0.0, 0.0, 0.0]",101.5,102.492
204,0.12937799096107483,False,,0.0,0.0,,AUSENTE (RUÍDO),"[0.0, 0.0, 0.0, 0.0, 0.0, 0.0, 0.0, 0.0, 0.0, 0.0, 0.0, 0.0, 0.0, 0.0, 0.0, 0.0, 0.0, 0.0, 0.0, 0.0]",102.0,102.992
205,0.23690813779830933,False,,0.0,0.0,,AUSENTE (RUÍDO),"[0.0, 0.0, 0.0, 0.0, 0.0, 0.0, 0.0, 0.0, 0.0, 0.0, 0.0, 0.0, 0.0, 0.0, 0.0, 0.0, 0.0, 0.0, 0.0, 0.0]",102.5,103.492
206,0.4796673059463501,False,,0.0,0.0,,AUSENTE (RUÍDO),"[0.0, 0.0, 0.0, 0.0, 0.0, 0.0, 0.0, 0.0, 0.0, 0.0, 0.0, 0.0, 0.0, 0.0, 0.0, 0.0, 0.0, 0.0, 0.0, 0.0]",103.0,103.992
207,0.5077198147773743,False,,0.0,0.0,,AUSENTE (RUÍDO),"[0.0, 0.0, 0.0, 0.0, 0.0, 0.0, 0.0, 0.0, 0.0, 0.0, 0.0, 0.0, 0.0, 0.0, 0.0, 0.0, 0.0, 0.0, 0.0, 0.0]",103.5,104.492
208,0.21014730632305145,False,,0.0,0.0,,AUSENTE (RUÍDO),"[0.0, 0.0, 0.0, 0.0, 0.0, 0.0, 0.0, 0.0, 0.0, 0.0, 0.0, 0.0, 0.0, 0.0, 0.0, 0.0, 0.0, 0.0, 0.0, 0.0]",104.0,104.992
209,0.25613871216773987,False,,0.0,0.0,,AUSENTE (RUÍDO),"[0.0, 0.0, 0.0, 0.0, 0.0, 0.0, 0.0, 0.0, 0.0, 0.0, 0.0, 0.0, 0.0, 0.0, 0.0, 0.0, 0.0, 0.0, 0.0, 0.0]",104.5,105.492
210,0.20598453283309937,False,,0.0,0.0,,AUSENTE (RUÍDO),"[0.0, 0.0, 0.0, 0.0, 0.0, 0.0, 0.0, 0.0, 0.0, 0.0, 0.0, 0.0, 0.0, 0.0, 0.0, 0.0, 0.0, 0.0, 0.0, 0.0]",105.0,105.992
